{
	"mapZoom": 15,
	"markerImagePath": "../assets/img/marker-21x32.png",
	"markerLatLng": [
		41.11908227928959,
		29.007867815815523
	]
}
